{"cameraMode":{"drawMode":0,"name":"Shaded","section":"Shading Mode"},"sceneLighting":false,"audioPlay":false,"sceneViewState":{"showFog":true,"showMaterialUpdate":false,"showSkybox":true,"showFlares":true,"showImageEffects":true,"showParticleSystems":true},"in2DMode":false,"pivot":{"x":-15.876543045043946,"y":-44.16887283325195,"z":-43.37388610839844},"rotation":{"x":0.00032808390096761286,"y":0.9950682520866394,"z":-0.003293326823040843,"w":0.0991373062133789},"size":267.9472961425781,"orthographic":false}