{"cameraMode":{"drawMode":0,"name":"Shaded","section":"Shading Mode"},"sceneLighting":true,"audioPlay":false,"sceneViewState":{"showFog":true,"showMaterialUpdate":false,"showSkybox":true,"showFlares":true,"showImageEffects":true,"showParticleSystems":true},"in2DMode":false,"pivot":{"x":0.020550012588500978,"y":1.551247000694275,"z":-0.7176581621170044},"rotation":{"x":-0.010311733931303025,"y":0.7389218807220459,"z":-0.011316685006022454,"w":-0.6736171245574951},"size":1.096919059753418,"orthographic":false}