{"cameraMode":{"drawMode":0,"name":"Shaded","section":"Shading Mode"},"sceneLighting":true,"audioPlay":false,"sceneViewState":{"showFog":true,"showMaterialUpdate":true,"showSkybox":true,"showFlares":true,"showImageEffects":true,"showParticleSystems":true},"in2DMode":false,"pivot":{"x":-13.826874732971192,"y":4.219133377075195,"z":-2.442159652709961},"rotation":{"x":0.09400913119316101,"y":-0.1943388134241104,"z":0.018713751807808877,"w":0.9762399792671204},"size":18.935035705566408,"orthographic":false}