{"cameraMode":{"drawMode":0,"name":"Shaded","section":"Shading Mode"},"sceneLighting":true,"audioPlay":false,"sceneViewState":{"showFog":true,"showMaterialUpdate":false,"showSkybox":true,"showFlares":true,"showImageEffects":true,"showParticleSystems":true},"in2DMode":false,"pivot":{"x":-6.837834358215332,"y":4.845467567443848,"z":3.9828720092773439},"rotation":{"x":0.11244659125804901,"y":-0.886189877986908,"z":0.34301942586898806,"w":0.29052260518074038},"size":24.79082489013672,"orthographic":false}