{"cameraMode":{"drawMode":0,"name":"Shaded","section":"Shading Mode"},"sceneLighting":true,"audioPlay":false,"sceneViewState":{"showFog":true,"showMaterialUpdate":true,"showSkybox":true,"showFlares":true,"showImageEffects":true,"showParticleSystems":true},"in2DMode":false,"pivot":{"x":-4.242800712585449,"y":4.379436492919922,"z":4.217500686645508},"rotation":{"x":0.025764405727386476,"y":-0.022591302171349527,"z":0.0024059079587459566,"w":0.9996353387832642},"size":10.813438415527344,"orthographic":false}