{"cameraMode":{"drawMode":0,"name":"Shaded","section":"Shading Mode"},"sceneLighting":true,"audioPlay":false,"sceneViewState":{"showFog":true,"showMaterialUpdate":true,"showSkybox":true,"showFlares":true,"showImageEffects":true,"showParticleSystems":true},"in2DMode":false,"pivot":{"x":-2.613642692565918,"y":0.3104564845561981,"z":-4.804506301879883},"rotation":{"x":0.03777029365301132,"y":-0.01806536130607128,"z":0.0024530377704650165,"w":0.9993422031402588},"size":4.839600563049316,"orthographic":false}