{"cameraMode":{"drawMode":0,"name":"Shaded","section":"Shading Mode"},"sceneLighting":true,"audioPlay":false,"sceneViewState":{"showFog":true,"showMaterialUpdate":true,"showSkybox":true,"showFlares":true,"showImageEffects":true,"showParticleSystems":true},"in2DMode":false,"pivot":{"x":0.7956132888793945,"y":-7.628006458282471,"z":-3.1661276817321779},"rotation":{"x":-0.34662169218063357,"y":0.4862757623195648,"z":-0.22063228487968446,"w":-0.7714927792549133},"size":32.88264083862305,"orthographic":false}