{"cameraMode":{"drawMode":0,"name":"Shaded","section":"Shading Mode"},"sceneLighting":true,"audioPlay":false,"sceneViewState":{"showFog":true,"showMaterialUpdate":true,"showSkybox":true,"showFlares":true,"showImageEffects":true,"showParticleSystems":true},"in2DMode":false,"pivot":{"x":2.853475570678711,"y":-4.203008651733398,"z":3.565981864929199},"rotation":{"x":0.36780890822410586,"y":0.5417921543121338,"z":-0.2820345163345337,"w":0.7015044093132019},"size":43.913002014160159,"orthographic":false}