{"cameraMode":{"drawMode":6,"name":"Overdraw","section":"Miscellaneous"},"sceneLighting":true,"audioPlay":false,"sceneViewState":{"showFog":true,"showMaterialUpdate":false,"showSkybox":true,"showFlares":true,"showImageEffects":true,"showParticleSystems":true},"in2DMode":false,"pivot":{"x":-4.203115463256836,"y":1.4742755889892579,"z":-3.176980972290039},"rotation":{"x":-0.4370594918727875,"y":-0.39716315269470217,"z":0.22388231754302979,"w":-0.7753221988677979},"size":20.963102340698243,"orthographic":false}