{"cameraMode":{"drawMode":0,"name":"Shaded","section":"Shading Mode"},"sceneLighting":false,"audioPlay":false,"sceneViewState":{"showFog":true,"showMaterialUpdate":false,"showSkybox":true,"showFlares":true,"showImageEffects":true,"showParticleSystems":true},"in2DMode":false,"pivot":{"x":-0.35786688327789309,"y":1.3319706916809083,"z":-0.050014495849609378},"rotation":{"x":-0.22840000689029694,"y":0.23018743097782136,"z":-0.05568067356944084,"w":-0.9443234801292419},"size":23.26287078857422,"orthographic":false}