{"cameraMode":{"drawMode":0,"name":"Shaded","section":"Shading Mode"},"sceneLighting":true,"audioPlay":false,"sceneViewState":{"showFog":true,"showMaterialUpdate":false,"showSkybox":true,"showFlares":true,"showImageEffects":true,"showParticleSystems":true},"in2DMode":false,"pivot":{"x":-1.614035725593567,"y":1.1994630098342896,"z":-0.4310798943042755},"rotation":{"x":-0.14008240401744843,"y":0.5981219410896301,"z":-0.10718193650245667,"w":-0.7817538976669312},"size":5.596919536590576,"orthographic":false}