{"cameraMode":{"drawMode":0,"name":"Shaded","section":"Shading Mode"},"sceneLighting":true,"audioPlay":false,"sceneViewState":{"showFog":true,"showMaterialUpdate":true,"showSkybox":true,"showFlares":true,"showImageEffects":true,"showParticleSystems":true},"in2DMode":false,"pivot":{"x":7.851278305053711,"y":0.6656646728515625,"z":-9.241894721984864},"rotation":{"x":0.38614097237586977,"y":0.4948241412639618,"z":-0.2604481875896454,"w":0.7336310148239136},"size":69.06446838378906,"orthographic":false}