{"cameraMode":{"drawMode":0,"name":"Shaded","section":"Shading Mode"},"sceneLighting":false,"audioPlay":false,"sceneViewState":{"showFog":true,"showMaterialUpdate":false,"showSkybox":true,"showFlares":true,"showImageEffects":true,"showParticleSystems":true},"in2DMode":false,"pivot":{"x":-0.000052928924560546875,"y":0.739811897277832,"z":-0.0015783309936523438},"rotation":{"x":0.004032213240861893,"y":-0.9958348870277405,"z":0.055638909339904788,"w":0.07211732119321823},"size":40.010372161865237,"orthographic":false}