{"cameraMode":{"drawMode":0,"name":"Shaded","section":"Shading Mode"},"sceneLighting":false,"audioPlay":false,"sceneViewState":{"showFog":true,"showMaterialUpdate":false,"showSkybox":true,"showFlares":true,"showImageEffects":true,"showParticleSystems":true},"in2DMode":false,"pivot":{"x":2.6755409240722658,"y":0.11113858222961426,"z":-0.044952478259801868},"rotation":{"x":0.006646161433309317,"y":-0.9931977391242981,"z":0.07103747129440308,"w":0.0920213907957077},"size":3.8632233142852785,"orthographic":false}