{"cameraMode":{"drawMode":0,"name":"Shaded","section":"Shading Mode"},"sceneLighting":false,"audioPlay":false,"sceneViewState":{"showFog":true,"showMaterialUpdate":false,"showSkybox":true,"showFlares":true,"showImageEffects":true,"showParticleSystems":true},"in2DMode":false,"pivot":{"x":-5.016057968139648,"y":0.03245773911476135,"z":-5.000848293304443},"rotation":{"x":-0.12887804210186006,"y":0.7810027003288269,"z":-0.17162591218948365,"w":-0.5864894986152649},"size":0.9130937457084656,"orthographic":false}