{"cameraMode":{"drawMode":0,"name":"Shaded","section":"Shading Mode"},"sceneLighting":false,"audioPlay":false,"sceneViewState":{"showFog":true,"showMaterialUpdate":false,"showSkybox":true,"showFlares":true,"showImageEffects":true,"showParticleSystems":true},"in2DMode":false,"pivot":{"x":-11.480542182922364,"y":11.613106727600098,"z":-3.8096680641174318},"rotation":{"x":-0.010325567796826363,"y":0.9877914190292358,"z":-0.1365857571363449,"w":-0.07420096546411514},"size":2.588156223297119,"orthographic":false}