{"cameraMode":{"drawMode":0,"name":"Shaded","section":"Shading Mode"},"sceneLighting":false,"audioPlay":false,"sceneViewState":{"showFog":true,"showMaterialUpdate":false,"showSkybox":true,"showFlares":true,"showImageEffects":true,"showParticleSystems":true},"in2DMode":false,"pivot":{"x":12.8100004196167,"y":-10.670000076293946,"z":0.0},"rotation":{"x":-0.00015356448420789093,"y":0.9998255372047424,"z":-0.009308427572250367,"w":-0.016197074204683305},"size":35.88203430175781,"orthographic":false}