{"cameraMode":{"drawMode":0,"name":"Shaded","section":"Shading Mode"},"sceneLighting":false,"audioPlay":false,"sceneViewState":{"showFog":true,"showMaterialUpdate":false,"showSkybox":true,"showFlares":true,"showImageEffects":true,"showParticleSystems":true},"in2DMode":false,"pivot":{"x":-0.6725296974182129,"y":0.2461620271205902,"z":1.3311803340911866},"rotation":{"x":-0.0045352051965892319,"y":0.9952079653739929,"z":-0.05618857592344284,"w":-0.07989676296710968},"size":3.4281911849975588,"orthographic":false}