{"cameraMode":{"drawMode":0,"name":"Shaded","section":"Shading Mode"},"sceneLighting":false,"audioPlay":false,"sceneViewState":{"showFog":true,"showMaterialUpdate":false,"showSkybox":true,"showFlares":true,"showImageEffects":true,"showParticleSystems":true},"in2DMode":false,"pivot":{"x":-2.8271005153656008,"y":-1.397507905960083,"z":-2.3634824752807619},"rotation":{"x":-0.028352124616503717,"y":0.9651932120323181,"z":-0.23160041868686677,"w":-0.11815047264099121},"size":28.192981719970704,"orthographic":false}