{"cameraMode":{"drawMode":0,"name":"Shaded","section":"Shading Mode"},"sceneLighting":false,"audioPlay":false,"sceneViewState":{"showFog":true,"showMaterialUpdate":false,"showSkybox":true,"showFlares":true,"showImageEffects":true,"showParticleSystems":true},"in2DMode":false,"pivot":{"x":-1.1720707416534424,"y":0.34960758686065676,"z":1.8360663652420045},"rotation":{"x":0.003464900190010667,"y":0.9917628765106201,"z":-0.027681563049554826,"w":0.12501266598701478},"size":3.468641519546509,"orthographic":false}