{"cameraMode":{"drawMode":0,"name":"Shaded","section":"Shading Mode"},"sceneLighting":false,"audioPlay":false,"sceneViewState":{"showFog":true,"showMaterialUpdate":false,"showSkybox":true,"showFlares":true,"showImageEffects":true,"showParticleSystems":true},"in2DMode":false,"pivot":{"x":0.6910338997840881,"y":2.2964742183685304,"z":-0.9935519695281982},"rotation":{"x":-0.050727058202028278,"y":0.9351609945297241,"z":-0.14936716854572297,"w":-0.31715935468673708},"size":4.064627647399902,"orthographic":false}