{"cameraMode":{"drawMode":0,"name":"Shaded","section":"Shading Mode"},"sceneLighting":false,"audioPlay":false,"sceneViewState":{"showFog":true,"showMaterialUpdate":false,"showSkybox":true,"showFlares":true,"showImageEffects":true,"showParticleSystems":true},"in2DMode":false,"pivot":{"x":-8.54386043548584,"y":3.3259434700012209,"z":2.2519378662109377},"rotation":{"x":-0.005778441205620766,"y":0.991736888885498,"z":-0.11898382008075714,"w":-0.04761862754821777},"size":3.4099276065826418,"orthographic":false}