{"cameraMode":{"drawMode":0,"name":"Shaded","section":"Shading Mode"},"sceneLighting":false,"audioPlay":false,"sceneViewState":{"showFog":true,"showMaterialUpdate":false,"showSkybox":true,"showFlares":true,"showImageEffects":true,"showParticleSystems":true},"in2DMode":false,"pivot":{"x":12.710000038146973,"y":-4.449999809265137,"z":0.0},"rotation":{"x":-0.00015356448420789093,"y":0.9998255372047424,"z":-0.009308427572250367,"w":-0.016197074204683305},"size":36.496273040771487,"orthographic":false}