{"cameraMode":{"drawMode":0,"name":"Shaded","section":"Shading Mode"},"sceneLighting":false,"audioPlay":false,"sceneViewState":{"showFog":true,"showMaterialUpdate":false,"showSkybox":true,"showFlares":true,"showImageEffects":true,"showParticleSystems":true},"in2DMode":false,"pivot":{"x":-2.0172200202941896,"y":3.6498680114746095,"z":1.541778326034546},"rotation":{"x":-0.021733013913035394,"y":0.9693562388420105,"z":-0.0927506685256958,"w":-0.2264368087053299},"size":4.0474982261657719,"orthographic":false}