{"cameraMode":{"drawMode":0,"name":"Shaded","section":"Shading Mode"},"sceneLighting":false,"audioPlay":false,"sceneViewState":{"showFog":true,"showMaterialUpdate":false,"showSkybox":true,"showFlares":true,"showImageEffects":true,"showParticleSystems":true},"in2DMode":false,"pivot":{"x":-1.3826576471328736,"y":-0.5037158727645874,"z":0.2877225875854492},"rotation":{"x":0.2116813212633133,"y":-0.23537737131118775,"z":0.05265650153160095,"w":0.9471092224121094},"size":4.167629241943359,"orthographic":false}