{"cameraMode":{"drawMode":0,"name":"Shaded","section":"Shading Mode"},"sceneLighting":false,"audioPlay":false,"sceneViewState":{"showFog":true,"showMaterialUpdate":false,"showSkybox":true,"showFlares":true,"showImageEffects":true,"showParticleSystems":true},"in2DMode":false,"pivot":{"x":-2.508871555328369,"y":-0.20876577496528626,"z":0.06733785569667816},"rotation":{"x":0.002162856748327613,"y":-0.9925511479377747,"z":0.017272675409913064,"w":0.12057875096797943},"size":3.670698881149292,"orthographic":false}