{"cameraMode":{"drawMode":0,"name":"Shaded","section":"Shading Mode"},"sceneLighting":false,"audioPlay":false,"sceneViewState":{"showFog":true,"showMaterialUpdate":false,"showSkybox":true,"showFlares":true,"showImageEffects":true,"showParticleSystems":true},"in2DMode":false,"pivot":{"x":-17.74833869934082,"y":6.268759250640869,"z":-0.08257701992988587},"rotation":{"x":-0.04397241398692131,"y":0.9426608681678772,"z":-0.1375429630279541,"w":-0.3008968234062195},"size":4.096984386444092,"orthographic":false}