{"cameraMode":{"drawMode":0,"name":"Shaded","section":"Shading Mode"},"sceneLighting":false,"audioPlay":false,"sceneViewState":{"showFog":true,"showMaterialUpdate":false,"showSkybox":true,"showFlares":true,"showImageEffects":true,"showParticleSystems":true},"in2DMode":false,"pivot":{"x":0.13712556660175324,"y":0.855029284954071,"z":-0.12200427055358887},"rotation":{"x":-0.001979394117370248,"y":0.9966027140617371,"z":-0.024819815531373025,"w":-0.07850514352321625},"size":1.8133350610733033,"orthographic":false}