{"cameraMode":{"drawMode":0,"name":"Shaded","section":"Shading Mode"},"sceneLighting":false,"audioPlay":false,"sceneViewState":{"showFog":true,"showMaterialUpdate":false,"showSkybox":true,"showFlares":true,"showImageEffects":true,"showParticleSystems":true},"in2DMode":false,"pivot":{"x":-0.05648081749677658,"y":0.8745805621147156,"z":0.16297286748886109},"rotation":{"x":-0.08539513498544693,"y":0.005382089875638485,"z":-0.000439677998656407,"w":-0.996332585811615},"size":0.7093053460121155,"orthographic":false}