{"cameraMode":{"drawMode":0,"name":"Shaded","section":"Shading Mode"},"sceneLighting":false,"audioPlay":false,"sceneViewState":{"showFog":true,"showMaterialUpdate":false,"showSkybox":true,"showFlares":true,"showImageEffects":true,"showParticleSystems":true},"in2DMode":false,"pivot":{"x":-0.3294675052165985,"y":0.16192889213562013,"z":-0.07237640023231507},"rotation":{"x":-0.08443604409694672,"y":0.9100602269172669,"z":-0.2293579876422882,"w":-0.3347475826740265},"size":4.659487724304199,"orthographic":false}