{"cameraMode":{"drawMode":0,"name":"Shaded","section":"Shading Mode"},"sceneLighting":false,"audioPlay":false,"sceneViewState":{"showFog":true,"showMaterialUpdate":false,"showSkybox":true,"showFlares":true,"showImageEffects":true,"showParticleSystems":true},"in2DMode":false,"pivot":{"x":-14.22894287109375,"y":9.561521530151368,"z":-2.589653253555298},"rotation":{"x":-0.0031082243658602239,"y":0.9969565868377686,"z":-0.05479186773300171,"w":-0.05537059158086777},"size":3.284451723098755,"orthographic":false}