{"cameraMode":{"drawMode":0,"name":"Shaded","section":"Shading Mode"},"sceneLighting":false,"audioPlay":false,"sceneViewState":{"showFog":true,"showMaterialUpdate":false,"showSkybox":true,"showFlares":true,"showImageEffects":true,"showParticleSystems":true},"in2DMode":false,"pivot":{"x":-9.155674934387207,"y":6.024977684020996,"z":-1.5368380546569825},"rotation":{"x":0.0010521246585994959,"y":-0.9981276988983154,"z":-0.01796831004321575,"w":-0.058456651866436008},"size":6.642575263977051,"orthographic":false}