{"cameraMode":{"drawMode":0,"name":"Shaded","section":"Shading Mode"},"sceneLighting":false,"audioPlay":false,"sceneViewState":{"showFog":true,"showMaterialUpdate":false,"showSkybox":true,"showFlares":true,"showImageEffects":true,"showParticleSystems":true},"in2DMode":false,"pivot":{"x":-1.5419983863830567,"y":0.15350282192230225,"z":0.3294193744659424},"rotation":{"x":-0.2797888517379761,"y":-0.2746984660625458,"z":0.08383627235889435,"w":-0.9160952568054199},"size":4.213364601135254,"orthographic":false}