{"cameraMode":{"drawMode":0,"name":"Shaded","section":"Shading Mode"},"sceneLighting":false,"audioPlay":false,"sceneViewState":{"showFog":true,"showMaterialUpdate":false,"showSkybox":true,"showFlares":true,"showImageEffects":true,"showParticleSystems":true},"in2DMode":false,"pivot":{"x":-0.5644321441650391,"y":0.7431933879852295,"z":1.9391759634017945},"rotation":{"x":0.003464900190010667,"y":0.9917628765106201,"z":-0.027681563049554826,"w":0.12501266598701478},"size":2.6738600730895998,"orthographic":false}