{"cameraMode":{"drawMode":0,"name":"Shaded","section":"Shading Mode"},"sceneLighting":false,"audioPlay":false,"sceneViewState":{"showFog":true,"showMaterialUpdate":false,"showSkybox":true,"showFlares":true,"showImageEffects":true,"showParticleSystems":true},"in2DMode":false,"pivot":{"x":-5.589582443237305,"y":5.314723491668701,"z":0.43968093395233157},"rotation":{"x":0.004275892395526171,"y":0.9951832294464111,"z":-0.05170339345932007,"w":0.08317958563566208},"size":9.016489028930664,"orthographic":false}