{"cameraMode":{"drawMode":0,"name":"Shaded","section":"Shading Mode"},"sceneLighting":false,"audioPlay":false,"sceneViewState":{"showFog":true,"showMaterialUpdate":false,"showSkybox":true,"showFlares":true,"showImageEffects":true,"showParticleSystems":true},"in2DMode":false,"pivot":{"x":-8.772106170654297,"y":0.20405808091163636,"z":-0.034254997968673709},"rotation":{"x":-0.08443604409694672,"y":0.9100602269172669,"z":-0.2293579876422882,"w":-0.3347475826740265},"size":1.4952462911605836,"orthographic":false}