{"cameraMode":{"drawMode":0,"name":"Shaded","section":"Shading Mode"},"sceneLighting":false,"audioPlay":false,"sceneViewState":{"showFog":true,"showMaterialUpdate":false,"showSkybox":true,"showFlares":true,"showImageEffects":true,"showParticleSystems":true},"in2DMode":false,"pivot":{"x":1.9009275436401368,"y":-1.3979265689849854,"z":-2.3631632328033449},"rotation":{"x":-0.028352124616503717,"y":0.9651932120323181,"z":-0.23160041868686677,"w":-0.11815047264099121},"size":27.07582664489746,"orthographic":false}