{"cameraMode":{"drawMode":0,"name":"Shaded","section":"Shading Mode"},"sceneLighting":false,"audioPlay":false,"sceneViewState":{"showFog":true,"showMaterialUpdate":false,"showSkybox":true,"showFlares":true,"showImageEffects":true,"showParticleSystems":true},"in2DMode":false,"pivot":{"x":-1.031172513961792,"y":8.404940605163575,"z":11.668549537658692},"rotation":{"x":-0.017282381653785707,"y":0.9738550186157227,"z":-0.21215637028217317,"w":-0.07935632765293122},"size":5.189713478088379,"orthographic":false}