{"cameraMode":{"drawMode":0,"name":"Shaded","section":"Shading Mode"},"sceneLighting":true,"audioPlay":false,"sceneViewState":{"showFog":true,"showMaterialUpdate":false,"showSkybox":true,"showFlares":true,"showImageEffects":true,"showParticleSystems":true},"in2DMode":false,"pivot":{"x":0.9049069881439209,"y":-3.689019203186035,"z":-5.393072128295898},"rotation":{"x":-0.20393823087215424,"y":0.13228674232959748,"z":-0.027824757620692254,"w":-0.9696056842803955},"size":19.04892349243164,"orthographic":false}