{"cameraMode":{"drawMode":0,"name":"Shaded","section":"Shading Mode"},"sceneLighting":false,"audioPlay":false,"sceneViewState":{"showFog":true,"showMaterialUpdate":false,"showSkybox":true,"showFlares":true,"showImageEffects":true,"showParticleSystems":true},"in2DMode":false,"pivot":{"x":0.2732280194759369,"y":0.22758637368679048,"z":-0.044503211975097659},"rotation":{"x":-0.1754968911409378,"y":0.7738010287284851,"z":-0.24345053732395173,"w":-0.55782151222229},"size":9.644841194152832,"orthographic":false}