{"cameraMode":{"drawMode":0,"name":"Shaded","section":"Shading Mode"},"sceneLighting":false,"audioPlay":false,"sceneViewState":{"showFog":true,"showMaterialUpdate":false,"showSkybox":true,"showFlares":true,"showImageEffects":true,"showParticleSystems":true},"in2DMode":false,"pivot":{"x":-5.589582443237305,"y":5.314723491668701,"z":1.690000057220459},"rotation":{"x":0.0355469174683094,"y":0.9580885171890259,"z":-0.13688737154006959,"w":0.24912802875041963},"size":2.8578836917877199,"orthographic":false}