{"cameraMode":{"drawMode":0,"name":"Shaded","section":"Shading Mode"},"sceneLighting":false,"audioPlay":false,"sceneViewState":{"showFog":true,"showMaterialUpdate":false,"showSkybox":true,"showFlares":true,"showImageEffects":true,"showParticleSystems":true},"in2DMode":false,"pivot":{"x":-0.02346503734588623,"y":0.45001158118247988,"z":0.08978575468063355},"rotation":{"x":-0.20593701303005219,"y":0.6764641404151917,"z":-0.20590843260288239,"w":-0.6764525771141052},"size":2.1114940643310549,"orthographic":false}