{"cameraMode":{"drawMode":0,"name":"Shaded","section":"Shading Mode"},"sceneLighting":false,"audioPlay":false,"sceneViewState":{"showFog":true,"showMaterialUpdate":false,"showSkybox":true,"showFlares":true,"showImageEffects":true,"showParticleSystems":true},"in2DMode":false,"pivot":{"x":-0.809999942779541,"y":-0.20000004768371583,"z":0.0},"rotation":{"x":-0.06877609342336655,"y":-0.9310694336891174,"z":0.2445114403963089,"w":-0.2619039714336395},"size":17.039737701416017,"orthographic":false}