{"cameraMode":{"drawMode":0,"name":"Shaded","section":"Shading Mode"},"sceneLighting":false,"audioPlay":false,"sceneViewState":{"showFog":true,"showMaterialUpdate":false,"showSkybox":true,"showFlares":true,"showImageEffects":true,"showParticleSystems":true},"in2DMode":false,"pivot":{"x":-0.5242395401000977,"y":0.6021221876144409,"z":0.06450135260820389},"rotation":{"x":-0.00015909859212115407,"y":0.999638557434082,"z":-0.026397647336125375,"w":-0.0051085976883769039},"size":2.1821107864379885,"orthographic":false}