{"cameraMode":{"drawMode":0,"name":"Shaded","section":"Shading Mode"},"sceneLighting":false,"audioPlay":false,"sceneViewState":{"showFog":true,"showMaterialUpdate":false,"showSkybox":true,"showFlares":true,"showImageEffects":true,"showParticleSystems":true},"in2DMode":false,"pivot":{"x":0.4535353183746338,"y":0.5269184112548828,"z":0.5100456476211548},"rotation":{"x":-0.2964651584625244,"y":0.6537711024284363,"z":-0.31123441457748415,"w":-0.6227558851242065},"size":4.918271064758301,"orthographic":false}