{"cameraMode":{"drawMode":0,"name":"Shaded","section":"Shading Mode"},"sceneLighting":false,"audioPlay":false,"sceneViewState":{"showFog":true,"showMaterialUpdate":false,"showSkybox":true,"showFlares":true,"showImageEffects":true,"showParticleSystems":true},"in2DMode":false,"pivot":{"x":-16.023971557617189,"y":10.956074714660645,"z":-1.2227962017059327},"rotation":{"x":-0.00807487778365612,"y":0.9894648790359497,"z":-0.060332041233778,"w":-0.13135550916194917},"size":5.687608242034912,"orthographic":false}