{"cameraMode":{"drawMode":0,"name":"Shaded","section":"Shading Mode"},"sceneLighting":false,"audioPlay":false,"sceneViewState":{"showFog":true,"showMaterialUpdate":false,"showSkybox":true,"showFlares":true,"showImageEffects":true,"showParticleSystems":true},"in2DMode":false,"pivot":{"x":-0.5595715641975403,"y":0.5923191905021668,"z":0.6161491870880127},"rotation":{"x":-0.0010847909143194557,"y":0.9987826347351074,"z":-0.024874966591596605,"w":-0.04258432984352112},"size":2.531614065170288,"orthographic":false}