{"cameraMode":{"drawMode":0,"name":"Shaded","section":"Shading Mode"},"sceneLighting":false,"audioPlay":false,"sceneViewState":{"showFog":true,"showMaterialUpdate":false,"showSkybox":true,"showFlares":true,"showImageEffects":true,"showParticleSystems":true},"in2DMode":false,"pivot":{"x":-14.781354904174805,"y":7.041408538818359,"z":-0.30507996678352358},"rotation":{"x":-0.03152943775057793,"y":0.9341272115707398,"z":-0.08513115346431732,"w":-0.345202773809433},"size":5.9760050773620609,"orthographic":false}