{"cameraMode":{"drawMode":0,"name":"Shaded","section":"Shading Mode"},"sceneLighting":false,"audioPlay":false,"sceneViewState":{"showFog":true,"showMaterialUpdate":false,"showSkybox":true,"showFlares":true,"showImageEffects":true,"showParticleSystems":true},"in2DMode":false,"pivot":{"x":-1.995499610900879,"y":0.0,"z":-1.7855000495910645},"rotation":{"x":-0.12812545895576478,"y":0.7937897443771362,"z":-0.17943529784679414,"w":-0.5668197870254517},"size":27.202383041381837,"orthographic":false}