{"cameraMode":{"drawMode":0,"name":"Shaded","section":"Shading Mode"},"sceneLighting":false,"audioPlay":false,"sceneViewState":{"showFog":true,"showMaterialUpdate":false,"showSkybox":true,"showFlares":true,"showImageEffects":true,"showParticleSystems":true},"in2DMode":false,"pivot":{"x":0.09373302757740021,"y":-0.2492770254611969,"z":-0.3196178078651428},"rotation":{"x":-0.17263735830783845,"y":0.7028765082359314,"z":-0.18233107030391694,"w":-0.6655195951461792},"size":7.306397438049316,"orthographic":false}