{"cameraMode":{"drawMode":0,"name":"Shaded","section":"Shading Mode"},"sceneLighting":false,"audioPlay":false,"sceneViewState":{"showFog":true,"showMaterialUpdate":false,"showSkybox":true,"showFlares":true,"showImageEffects":true,"showParticleSystems":true},"in2DMode":false,"pivot":{"x":0.01869964599609375,"y":0.0836946964263916,"z":-0.09031152725219727},"rotation":{"x":-0.13673867285251618,"y":0.6217553615570068,"z":-0.111416295170784,"w":-0.7630918025970459},"size":25.460704803466798,"orthographic":false}