{"cameraMode":{"drawMode":0,"name":"Shaded","section":"Shading Mode"},"sceneLighting":false,"audioPlay":false,"sceneViewState":{"showFog":true,"showMaterialUpdate":false,"showSkybox":true,"showFlares":true,"showImageEffects":true,"showParticleSystems":true},"in2DMode":false,"pivot":{"x":0.12748490273952485,"y":0.6202777624130249,"z":1.5371663570404053},"rotation":{"x":0.003464900190010667,"y":0.9917628765106201,"z":-0.027681563049554826,"w":0.12501266598701478},"size":1.3734591007232667,"orthographic":false}