{"cameraMode":{"drawMode":0,"name":"Shaded","section":"Shading Mode"},"sceneLighting":false,"audioPlay":false,"sceneViewState":{"showFog":true,"showMaterialUpdate":false,"showSkybox":true,"showFlares":true,"showImageEffects":true,"showParticleSystems":true},"in2DMode":false,"pivot":{"x":-6.365997314453125,"y":6.2900214195251469,"z":-0.21360492706298829},"rotation":{"x":-0.051125336438417438,"y":0.7485798001289368,"z":-0.05801883712410927,"w":-0.6585198640823364},"size":5.011074066162109,"orthographic":false}