{"cameraMode":{"drawMode":0,"name":"Shaded","section":"Shading Mode"},"sceneLighting":false,"audioPlay":false,"sceneViewState":{"showFog":true,"showMaterialUpdate":false,"showSkybox":true,"showFlares":true,"showImageEffects":true,"showParticleSystems":true},"in2DMode":false,"pivot":{"x":-1.4256640672683716,"y":0.16795504093170167,"z":-0.28463244438171389},"rotation":{"x":-0.15746448934078217,"y":-0.3226070702075958,"z":0.05446665734052658,"w":-0.9317527413368225},"size":2.687359094619751,"orthographic":false}