{"cameraMode":{"drawMode":0,"name":"Shaded","section":"Shading Mode"},"sceneLighting":false,"audioPlay":false,"sceneViewState":{"showFog":true,"showMaterialUpdate":false,"showSkybox":true,"showFlares":true,"showImageEffects":true,"showParticleSystems":true},"in2DMode":false,"pivot":{"x":0.5323622822761536,"y":0.5009008646011353,"z":1.153456449508667},"rotation":{"x":-0.0018207142129540444,"y":0.9973337054252625,"z":-0.026335343718528749,"w":-0.06803407520055771},"size":2.7870702743530275,"orthographic":false}