{"cameraMode":{"drawMode":0,"name":"Shaded","section":"Shading Mode"},"sceneLighting":false,"audioPlay":false,"sceneViewState":{"showFog":true,"showMaterialUpdate":false,"showSkybox":true,"showFlares":true,"showImageEffects":true,"showParticleSystems":true},"in2DMode":false,"pivot":{"x":0.4605008065700531,"y":0.022206267341971399,"z":0.1706138700246811},"rotation":{"x":-0.27425530552864077,"y":0.6910190582275391,"z":-0.3238951563835144,"w":-0.5851227045059204},"size":4.290685653686523,"orthographic":false}