{"cameraMode":{"drawMode":0,"name":"Shaded","section":"Shading Mode"},"sceneLighting":false,"audioPlay":false,"sceneViewState":{"showFog":true,"showMaterialUpdate":false,"showSkybox":true,"showFlares":true,"showImageEffects":true,"showParticleSystems":true},"in2DMode":false,"pivot":{"x":-0.01938486099243164,"y":4.396970748901367,"z":-0.2613658905029297},"rotation":{"x":0.015011843293905259,"y":-0.9843189120292664,"z":0.14122256636619569,"w":0.10462889075279236},"size":10.009281158447266,"orthographic":false}