{"cameraMode":{"drawMode":0,"name":"Shaded","section":"Shading Mode"},"sceneLighting":false,"audioPlay":false,"sceneViewState":{"showFog":true,"showMaterialUpdate":false,"showSkybox":true,"showFlares":true,"showImageEffects":true,"showParticleSystems":true},"in2DMode":false,"pivot":{"x":-9.805367469787598,"y":2.240753412246704,"z":-0.7794069051742554},"rotation":{"x":-0.0008213734836317599,"y":0.9991725087165833,"z":-0.03238511458039284,"w":-0.02459484338760376},"size":3.7049572467803957,"orthographic":false}