{"cameraMode":{"drawMode":0,"name":"Shaded","section":"Shading Mode"},"sceneLighting":false,"audioPlay":false,"sceneViewState":{"showFog":true,"showMaterialUpdate":false,"showSkybox":true,"showFlares":true,"showImageEffects":true,"showParticleSystems":true},"in2DMode":false,"pivot":{"x":-0.001397848129272461,"y":0.7496702075004578,"z":-0.011761605739593506},"rotation":{"x":-0.20593701303005219,"y":0.6764641404151917,"z":-0.20590843260288239,"w":-0.6764525771141052},"size":1.5412083864212037,"orthographic":false}