{"cameraMode":{"drawMode":0,"name":"Shaded","section":"Shading Mode"},"sceneLighting":false,"audioPlay":false,"sceneViewState":{"showFog":true,"showMaterialUpdate":false,"showSkybox":true,"showFlares":true,"showImageEffects":true,"showParticleSystems":true},"in2DMode":false,"pivot":{"x":-0.5540668368339539,"y":0.49206528067588808,"z":-0.7937308549880981},"rotation":{"x":-0.23777097463607789,"y":-0.5004276633262634,"z":0.14515677094459535,"w":-0.8197357654571533},"size":1.5462772846221924,"orthographic":false}