{"cameraMode":{"drawMode":0,"name":"Shaded","section":"Shading Mode"},"sceneLighting":false,"audioPlay":false,"sceneViewState":{"showFog":true,"showMaterialUpdate":false,"showSkybox":true,"showFlares":true,"showImageEffects":true,"showParticleSystems":true},"in2DMode":false,"pivot":{"x":-11.76700210571289,"y":5.914061546325684,"z":0.2468854784965515},"rotation":{"x":-0.08443604409694672,"y":0.9100602269172669,"z":-0.2293579876422882,"w":-0.3347475826740265},"size":6.778336048126221,"orthographic":false}