{"cameraMode":{"drawMode":0,"name":"Shaded","section":"Shading Mode"},"sceneLighting":false,"audioPlay":false,"sceneViewState":{"showFog":true,"showMaterialUpdate":false,"showSkybox":true,"showFlares":true,"showImageEffects":true,"showParticleSystems":true},"in2DMode":false,"pivot":{"x":13.20157527923584,"y":6.525873184204102,"z":-1.7171306610107422},"rotation":{"x":-0.006444286089390516,"y":-0.9927130341529846,"z":0.10311346501111984,"w":-0.06202319264411926},"size":21.589632034301759,"orthographic":false}