{"cameraMode":{"drawMode":0,"name":"Shaded","section":"Shading Mode"},"sceneLighting":false,"audioPlay":false,"sceneViewState":{"showFog":true,"showMaterialUpdate":false,"showSkybox":true,"showFlares":true,"showImageEffects":true,"showParticleSystems":true},"in2DMode":false,"pivot":{"x":-15.427616119384766,"y":8.98403263092041,"z":-0.268157958984375},"rotation":{"x":-0.0013734662206843496,"y":0.9978336095809937,"z":-0.06235198676586151,"w":-0.020939862355589868},"size":3.657622814178467,"orthographic":false}