{"cameraMode":{"drawMode":0,"name":"Shaded","section":"Shading Mode"},"sceneLighting":false,"audioPlay":false,"sceneViewState":{"showFog":true,"showMaterialUpdate":false,"showSkybox":true,"showFlares":true,"showImageEffects":true,"showParticleSystems":true},"in2DMode":false,"pivot":{"x":-0.9157731533050537,"y":0.8523499369621277,"z":0.7336031794548035},"rotation":{"x":-0.007707039825618267,"y":0.9920575022697449,"z":-0.09943673759698868,"w":-0.07664812356233597},"size":1.9420692920684815,"orthographic":false}