{"cameraMode":{"drawMode":0,"name":"Shaded","section":"Shading Mode"},"sceneLighting":false,"audioPlay":false,"sceneViewState":{"showFog":true,"showMaterialUpdate":false,"showSkybox":true,"showFlares":true,"showImageEffects":true,"showParticleSystems":true},"in2DMode":false,"pivot":{"x":0.34082794189453127,"y":0.5460398197174072,"z":0.5927448272705078},"rotation":{"x":-0.2852770984172821,"y":0.6621171832084656,"z":-0.3031105101108551,"w":-0.6231709122657776},"size":7.530131816864014,"orthographic":false}