{"cameraMode":{"drawMode":0,"name":"Shaded","section":"Shading Mode"},"sceneLighting":false,"audioPlay":false,"sceneViewState":{"showFog":true,"showMaterialUpdate":false,"showSkybox":true,"showFlares":true,"showImageEffects":true,"showParticleSystems":true},"in2DMode":false,"pivot":{"x":-0.4990415573120117,"y":6.140922546386719,"z":-0.13443851470947267},"rotation":{"x":-0.0674690529704094,"y":-0.9069594740867615,"z":0.15943481028079987,"w":-0.38399621844291689},"size":14.71200180053711,"orthographic":false}