{"cameraMode":{"drawMode":0,"name":"Shaded","section":"Shading Mode"},"sceneLighting":false,"audioPlay":false,"sceneViewState":{"showFog":true,"showMaterialUpdate":false,"showSkybox":true,"showFlares":true,"showImageEffects":true,"showParticleSystems":true},"in2DMode":false,"pivot":{"x":-1.6999341249465943,"y":4.7633161544799809,"z":-0.8652002811431885},"rotation":{"x":-0.012004796415567398,"y":0.891490638256073,"z":-0.023517491295933725,"w":-0.4522690773010254},"size":3.824402332305908,"orthographic":false}