{"cameraMode":{"drawMode":0,"name":"Shaded","section":"Shading Mode"},"sceneLighting":false,"audioPlay":false,"sceneViewState":{"showFog":true,"showMaterialUpdate":false,"showSkybox":true,"showFlares":true,"showImageEffects":true,"showParticleSystems":true},"in2DMode":false,"pivot":{"x":0.7125207185745239,"y":6.393745422363281,"z":1.8399999141693116},"rotation":{"x":-0.04086180403828621,"y":-0.9590253233909607,"z":0.1909133642911911,"w":-0.20531141757965089},"size":11.209466934204102,"orthographic":false}