{"cameraMode":{"drawMode":0,"name":"Shaded","section":"Shading Mode"},"sceneLighting":false,"audioPlay":false,"sceneViewState":{"showFog":true,"showMaterialUpdate":false,"showSkybox":true,"showFlares":true,"showImageEffects":true,"showParticleSystems":true},"in2DMode":false,"pivot":{"x":41.14167404174805,"y":-8.478606224060059,"z":-30.653600692749025},"rotation":{"x":-0.016102153807878495,"y":0.9536185264587402,"z":-0.2965165376663208,"w":-0.04929784685373306},"size":49.6218147277832,"orthographic":false}