{"cameraMode":{"drawMode":0,"name":"Shaded","section":"Shading Mode"},"sceneLighting":false,"audioPlay":false,"sceneViewState":{"showFog":true,"showMaterialUpdate":false,"showSkybox":true,"showFlares":true,"showImageEffects":true,"showParticleSystems":true},"in2DMode":false,"pivot":{"x":-0.20818233489990235,"y":-0.35817480087280276,"z":-0.5567824840545654},"rotation":{"x":-0.25135692954063418,"y":0.5903831720352173,"z":-0.20045106112957,"w":-0.740328848361969},"size":8.339700698852539,"orthographic":false}