{"cameraMode":{"drawMode":0,"name":"Shaded","section":"Shading Mode"},"sceneLighting":false,"audioPlay":false,"sceneViewState":{"showFog":true,"showMaterialUpdate":false,"showSkybox":true,"showFlares":true,"showImageEffects":true,"showParticleSystems":true},"in2DMode":false,"pivot":{"x":-1.5564236640930176,"y":0.22759637236595155,"z":0.4701021909713745},"rotation":{"x":-0.0017219296423718334,"y":0.9981708526611328,"z":-0.033850930631160739,"w":-0.050060465931892398},"size":3.1988260746002199,"orthographic":false}