{"cameraMode":{"drawMode":0,"name":"Shaded","section":"Shading Mode"},"sceneLighting":false,"audioPlay":false,"sceneViewState":{"showFog":true,"showMaterialUpdate":false,"showSkybox":true,"showFlares":true,"showImageEffects":true,"showParticleSystems":true},"in2DMode":false,"pivot":{"x":-4.384683609008789,"y":9.964621543884278,"z":-0.5315144658088684},"rotation":{"x":-0.009871819987893105,"y":0.9900939464569092,"z":-0.09174656122922898,"w":-0.1058257594704628},"size":3.4792532920837404,"orthographic":false}