{"cameraMode":{"drawMode":0,"name":"Shaded","section":"Shading Mode"},"sceneLighting":false,"audioPlay":false,"sceneViewState":{"showFog":true,"showMaterialUpdate":false,"showSkybox":true,"showFlares":true,"showImageEffects":true,"showParticleSystems":true},"in2DMode":false,"pivot":{"x":-14.093470573425293,"y":9.781617164611817,"z":2.9816086292266847},"rotation":{"x":0.0020478186197578909,"y":0.9876249432563782,"z":-0.15625107288360597,"w":0.013357305899262429},"size":2.1678860187530519,"orthographic":false}