{"cameraMode":{"drawMode":0,"name":"Shaded","section":"Shading Mode"},"sceneLighting":false,"audioPlay":false,"sceneViewState":{"showFog":true,"showMaterialUpdate":false,"showSkybox":true,"showFlares":true,"showImageEffects":true,"showParticleSystems":true},"in2DMode":false,"pivot":{"x":0.5661076903343201,"y":0.4881265461444855,"z":0.3267013430595398},"rotation":{"x":-0.2964651584625244,"y":0.6537711024284363,"z":-0.31123441457748415,"w":-0.6227558851242065},"size":10.925332069396973,"orthographic":false}