{"cameraMode":{"drawMode":0,"name":"Shaded","section":"Shading Mode"},"sceneLighting":false,"audioPlay":false,"sceneViewState":{"showFog":true,"showMaterialUpdate":false,"showSkybox":true,"showFlares":true,"showImageEffects":true,"showParticleSystems":true},"in2DMode":false,"pivot":{"x":-0.048354774713516238,"y":-0.0031598806381225588,"z":10.905560493469239},"rotation":{"x":0.015609364956617356,"y":0.9773044586181641,"z":-0.19639019668102265,"w":0.0778670459985733},"size":2.1947124004364015,"orthographic":false}