{"cameraMode":{"drawMode":0,"name":"Shaded","section":"Shading Mode"},"sceneLighting":false,"audioPlay":false,"sceneViewState":{"showFog":true,"showMaterialUpdate":false,"showSkybox":true,"showFlares":true,"showImageEffects":true,"showParticleSystems":true},"in2DMode":false,"pivot":{"x":-4.119044303894043,"y":1.935211420059204,"z":-6.836406230926514},"rotation":{"x":0.015609364956617356,"y":0.9773044586181641,"z":-0.19639019668102265,"w":0.0778670459985733},"size":22.0,"orthographic":false}