{"cameraMode":{"drawMode":0,"name":"Shaded","section":"Shading Mode"},"sceneLighting":false,"audioPlay":false,"sceneViewState":{"showFog":true,"showMaterialUpdate":false,"showSkybox":true,"showFlares":true,"showImageEffects":true,"showParticleSystems":true},"in2DMode":false,"pivot":{"x":-8.998866081237793,"y":11.289142608642579,"z":0.048972904682159427},"rotation":{"x":-0.03152943775057793,"y":0.9341272115707398,"z":-0.08513115346431732,"w":-0.345202773809433},"size":4.593218803405762,"orthographic":false}