{"cameraMode":{"drawMode":0,"name":"Shaded","section":"Shading Mode"},"sceneLighting":false,"audioPlay":false,"sceneViewState":{"showFog":true,"showMaterialUpdate":false,"showSkybox":true,"showFlares":true,"showImageEffects":true,"showParticleSystems":true},"in2DMode":false,"pivot":{"x":-5.483627796173096,"y":6.575193405151367,"z":-0.1925164759159088},"rotation":{"x":0.02907518669962883,"y":-0.9695056080818176,"z":0.19692999124526978,"w":0.14294125139713288},"size":1.178210973739624,"orthographic":false}