{"cameraMode":{"drawMode":0,"name":"Shaded","section":"Shading Mode"},"sceneLighting":false,"audioPlay":false,"sceneViewState":{"showFog":true,"showMaterialUpdate":false,"showSkybox":true,"showFlares":true,"showImageEffects":true,"showParticleSystems":true},"in2DMode":false,"pivot":{"x":-0.5735555291175842,"y":-3.765568494796753,"z":-0.04865880683064461},"rotation":{"x":0.009969974867999554,"y":0.9900170564651489,"z":-0.10164368152618408,"w":0.0971357524394989},"size":9.173711776733399,"orthographic":false}