{"cameraMode":{"drawMode":0,"name":"Shaded","section":"Shading Mode"},"sceneLighting":false,"audioPlay":false,"sceneViewState":{"showFog":true,"showMaterialUpdate":false,"showSkybox":true,"showFlares":true,"showImageEffects":true,"showParticleSystems":true},"in2DMode":false,"pivot":{"x":-0.8945048451423645,"y":-0.16821527481079102,"z":0.2523994445800781},"rotation":{"x":0.006096524652093649,"y":0.9816189408302307,"z":-0.18808309733867646,"w":0.03181140497326851},"size":10.91246509552002,"orthographic":false}