{"cameraMode":{"drawMode":0,"name":"Shaded","section":"Shading Mode"},"sceneLighting":false,"audioPlay":false,"sceneViewState":{"showFog":true,"showMaterialUpdate":false,"showSkybox":true,"showFlares":true,"showImageEffects":true,"showParticleSystems":true},"in2DMode":false,"pivot":{"x":1.050577163696289,"y":0.36489996314048769,"z":1.177423119544983},"rotation":{"x":-0.2964651584625244,"y":0.6537711024284363,"z":-0.31123441457748415,"w":-0.6227558851242065},"size":4.253792762756348,"orthographic":false}