{"cameraMode":{"drawMode":0,"name":"Shaded","section":"Shading Mode"},"sceneLighting":false,"audioPlay":false,"sceneViewState":{"showFog":true,"showMaterialUpdate":false,"showSkybox":true,"showFlares":true,"showImageEffects":true,"showParticleSystems":true},"in2DMode":false,"pivot":{"x":0.004765570163726807,"y":0.9634911417961121,"z":-0.03071272373199463},"rotation":{"x":-0.16495268046855927,"y":-0.24197806417942048,"z":0.04180821403861046,"w":-0.9552431106567383},"size":2.088754653930664,"orthographic":false}