{"cameraMode":{"drawMode":0,"name":"Shaded","section":"Shading Mode"},"sceneLighting":false,"audioPlay":false,"sceneViewState":{"showFog":true,"showMaterialUpdate":false,"showSkybox":true,"showFlares":true,"showImageEffects":true,"showParticleSystems":true},"in2DMode":false,"pivot":{"x":0.00893700122833252,"y":0.3691914975643158,"z":-0.00021916627883911133},"rotation":{"x":-0.20593701303005219,"y":0.6764641404151917,"z":-0.20590843260288239,"w":-0.6764525771141052},"size":3.570816993713379,"orthographic":false}