{"cameraMode":{"drawMode":0,"name":"Shaded","section":"Shading Mode"},"sceneLighting":false,"audioPlay":false,"sceneViewState":{"showFog":true,"showMaterialUpdate":false,"showSkybox":true,"showFlares":true,"showImageEffects":true,"showParticleSystems":true},"in2DMode":false,"pivot":{"x":-0.2173900008201599,"y":0.9364659786224365,"z":0.007014155387878418},"rotation":{"x":-0.11568187922239304,"y":0.2049603909254074,"z":-0.024381445720791818,"w":-0.97160404920578},"size":1.8952722549438477,"orthographic":false}