{"cameraMode":{"drawMode":0,"name":"Shaded","section":"Shading Mode"},"sceneLighting":false,"audioPlay":false,"sceneViewState":{"showFog":true,"showMaterialUpdate":false,"showSkybox":true,"showFlares":true,"showImageEffects":true,"showParticleSystems":true},"in2DMode":false,"pivot":{"x":-0.43766820430755618,"y":-1.427537441253662,"z":-0.3645353317260742},"rotation":{"x":-0.013181330636143685,"y":0.9704444408416748,"z":-0.2347196340560913,"w":-0.054503340274095538},"size":8.068964958190918,"orthographic":false}