{"cameraMode":{"drawMode":0,"name":"Shaded","section":"Shading Mode"},"sceneLighting":true,"audioPlay":false,"sceneViewState":{"showFog":true,"showMaterialUpdate":true,"showSkybox":true,"showFlares":true,"showImageEffects":true,"showParticleSystems":true},"in2DMode":false,"pivot":{"x":-0.057636722922325137,"y":-0.1555078625679016,"z":-0.4437243640422821},"rotation":{"x":0.22779981791973115,"y":0.0073197768069803719,"z":-0.0016502412036061288,"w":0.97373366355896},"size":8.424779891967774,"orthographic":false}