{"cameraMode":{"drawMode":0,"name":"Shaded","section":"Shading Mode"},"sceneLighting":false,"audioPlay":false,"sceneViewState":{"showFog":true,"showMaterialUpdate":true,"showSkybox":false,"showFlares":true,"showImageEffects":true,"showParticleSystems":true},"in2DMode":false,"pivot":{"x":0.32481682300567629,"y":-0.11600472778081894,"z":-0.31695014238357546},"rotation":{"x":0.03497742488980293,"y":-0.7108891606330872,"z":0.035434894263744357,"w":0.7015576362609863},"size":1.1599297523498536,"orthographic":false}